system,node+AF8-count,files+AF8-on+AF8-network,payload+AF8-size,upload+AF8-ms,download+AF8-total+AF8-ms
swarm,50,1,262144,2420.721,754.906815
swarm,50,2,262144,15.568333,89.087525
swarm,50,3,262144,31.733333,105.410169
swarm,50,4,262144,44.912,79.098301
swarm,50,5,262144,73.935,85.762062
swarm,50,6,262144,38.002,91.086019
swarm,50,7,262144,34.688333,107.427014
swarm,50,8,262144,159.840333,91.476935
swarm,50,9,262144,29.004,95.921325
swarm,50,10,262144,42.527,98.85336
swarm,50,11,262144,33.557,82.289143
swarm,50,12,262144,84.572333,105.740068
swarm,50,13,262144,39.699333,109.177338
swarm,50,14,262144,80.902,111.115056
swarm,50,15,262144,39.694666,126.188959
swarm,50,16,262144,73.06,93.348397
swarm,50,17,262144,1482.772666,90.282307
swarm,50,18,262144,29.082333,109.597516
swarm,50,19,262144,95.008,71.071471
swarm,50,20,262144,46.698,57.162634
swarm,50,21,262144,44.462333,69.338877
swarm,50,22,262144,157.547333,51.468189
swarm,50,23,262144,58.667666,60.334038
swarm,50,24,262144,82.867666,82.231716
swarm,50,25,262144,131.469666,56.113522
swarm,50,26,262144,106.578,59.609112
swarm,50,27,262144,129.368333,52.799494
swarm,50,28,262144,18.122666,60.500121
swarm,50,29,262144,132.420333,68.825433
swarm,50,30,262144,72.961666,60.613465
swarm,50,31,262144,53.461,57.040508
swarm,50,32,262144,194.300666,62.839118
swarm,50,33,262144,489.931333,126.961797
swarm,50,34,262144,78.252333,135.138348
swarm,50,35,262144,64.641333,115.456731
swarm,50,36,262144,67.464333,99.859398
swarm,50,37,262144,81.269333,100.010395
swarm,50,38,262144,50.339333,73.865265
swarm,50,39,262144,33.381333,94.200824
swarm,50,40,262144,54.838666,99.143894
swarm,50,41,262144,78.768333,112.272767
swarm,50,42,262144,32.368,118.620845
swarm,50,43,262144,60.789333,111.649203
swarm,50,44,262144,128.135666,98.180038
swarm,50,45,262144,47.627666,106.844449
swarm,50,46,262144,38.411,96.498163
swarm,50,47,262144,17.219,112.56116
swarm,50,48,262144,130.033,110.664148
swarm,50,49,262144,349.995,162.168232
swarm,50,50,262144,70.255666,136.475665
swarm,50,51,262144,45.341666,102.879792
swarm,50,52,262144,95.709333,124.988435
swarm,50,53,262144,82.188333,103.315611
swarm,50,54,262144,30.505,112.314128
swarm,50,55,262144,21.246333,111.794753
swarm,50,56,262144,53.946666,111.761934
swarm,50,57,262144,44.659666,98.807358
swarm,50,58,262144,49.006,108.77378
swarm,50,59,262144,61.886333,113.927108
swarm,50,60,262144,96.082,180.861296
swarm,50,61,262144,138.113,107.577729
swarm,50,62,262144,265.334666,120.447547
swarm,50,63,262144,146.153,106.905236
swarm,50,64,262144,249.179333,135.550441
swarm,50,65,262144,177.272333,83.62896
swarm,50,66,262144,26.759333,109.087548
swarm,50,67,262144,46.618,76.501374
swarm,50,68,262144,64.232666,108.008803
swarm,50,69,262144,79.815666,97.716072
swarm,50,70,262144,72.984333,115.470539
swarm,50,71,262144,63.174333,92.770926
swarm,50,72,262144,87.539666,62.994593
swarm,50,73,262144,48.301666,123.36937
swarm,50,74,262144,68.545333,123.286975
swarm,50,75,262144,33.842333,120.475795
swarm,50,76,262144,315.228666,95.494179
swarm,50,77,262144,228.113333,149.378713
swarm,50,78,262144,193.602666,95.763541
swarm,50,79,262144,95.484333,88.593486
swarm,50,80,262144,135.325333,106.432398
swarm,50,81,262144,99.520666,85.76709
swarm,50,82,262144,25.552666,121.320961
swarm,50,83,262144,66.203333,109.133571
swarm,50,84,262144,87.962,109.516011
swarm,50,85,262144,94.582333,116.305679
swarm,50,86,262144,33.527333,124.914022
swarm,50,87,262144,116.582666,102.265856
swarm,50,88,262144,40.985333,95.124287
swarm,50,89,262144,68.144666,101.30677
swarm,50,90,262144,203.088333,147.280414
swarm,50,91,262144,154.943,135.6794
swarm,50,92,262144,275.245333,87.445079
swarm,50,93,262144,234.824333,113.72489
swarm,50,94,262144,161.986333,94.168698
swarm,50,95,262144,16.681333,118.529091
swarm,50,96,262144,61.202666,123.404438
swarm,50,97,262144,72.827666,114.318179
swarm,50,98,262144,60.343,113.685237
swarm,50,99,262144,44.415666,113.069868
swarm,50,100,262144,69.319,118.579156
swarm,50,101,262144,100.102333,99.598142
swarm,50,102,262144,60.596,101.782551
swarm,50,103,262144,53.311333,122.334434
swarm,50,104,262144,51.944333,105.518017
swarm,50,105,262144,174.125,109.176122
swarm,50,106,262144,268.342666,111.695919
swarm,50,107,262144,187.747666,108.38897
swarm,50,108,262144,449.095333,118.970721
swarm,50,109,262144,55.267333,130.798434
swarm,50,110,262144,53.544333,104.981556
swarm,50,111,262144,55.912333,104.557483
swarm,50,112,262144,42.812666,105.090679
swarm,50,113,262144,117.973333,99.002836
swarm,50,114,262144,70.199,90.901317
swarm,50,115,262144,72.926333,118.626532
swarm,50,116,262144,44.057666,123.354724
swarm,50,117,262144,63.097,97.302567
swarm,50,118,262144,61.968666,92.435656
swarm,50,119,262144,23.383,97.689307
swarm,50,120,262144,41.930333,111.245533
swarm,50,121,262144,103.787333,247.898235
swarm,50,122,262144,298.643,186.175766
swarm,50,123,262144,85.183333,121.988008
swarm,50,124,262144,36.781333,113.270181
swarm,50,125,262144,112.363666,118.413384
swarm,50,126,262144,15.114666,136.293826
swarm,50,127,262144,64.555,104.738213
swarm,50,128,262144,33.808666,105.758187
swarm,50,129,262144,203.967666,110.077934
swarm,50,130,262144,13.293666,108.632998
swarm,50,131,262144,81.036,113.400538
swarm,50,132,262144,49.115,98.347983
swarm,50,133,262144,33.119666,105.54231
swarm,50,134,262144,41.713333,115.165341
swarm,50,135,262144,185.432333,162.275435
swarm,50,136,262144,44.042,92.109129
swarm,50,137,262144,186.339666,275.312923
swarm,50,138,262144,77.418333,106.102757
swarm,50,139,262144,65.131666,100.21031
swarm,50,140,262144,81.286666,76.472692
swarm,50,141,262144,56.167333,116.557324
swarm,50,142,262144,77.922,112.290845
swarm,50,143,262144,64.747,118.051692
swarm,50,144,262144,55.084666,97.69916
swarm,50,145,262144,132.766333,116.539949
swarm,50,146,262144,29.883333,108.435223
swarm,50,147,262144,28.280666,113.280115
swarm,50,148,262144,250.183333,91.405848
swarm,50,149,262144,207.896333,102.780283
swarm,50,150,262144,325.097666,100.45082
swarm,50,151,262144,18.303333,97.189347
swarm,50,152,262144,269.382333,114.264676
swarm,50,153,262144,76.027666,115.565251
swarm,50,154,262144,104.484,99.927992
swarm,50,155,262144,17.451333,103.341743
swarm,50,156,262144,53.682666,114.552224
swarm,50,157,262144,82.690666,95.364634
swarm,50,158,262144,50.538666,107.464381
swarm,50,159,262144,27.279666,107.798082
swarm,50,160,262144,43.980333,115.329487
swarm,50,161,262144,88.181666,124.897253
swarm,50,162,262144,288.918666,113.788145
swarm,50,163,262144,48.098666,111.734698
swarm,50,164,262144,207.132333,83.010763
swarm,50,165,262144,216.851333,111.724814
swarm,50,166,262144,102.174666,98.953673
swarm,50,167,262144,43.7,118.190643
swarm,50,168,262144,139.567333,106.913779
swarm,50,169,262144,109.981333,112.052052
swarm,50,170,262144,53.749666,92.428752
swarm,50,171,262144,58.718333,108.579006
swarm,50,172,262144,60.857,115.072796
swarm,50,173,262144,121.072,104.187511
swarm,50,174,262144,61.519666,99.445675
swarm,50,175,262144,55.792666,124.353386
swarm,50,176,262144,64.987333,89.269472
swarm,50,177,262144,152.140333,162.762874
swarm,50,178,262144,169.245,132.927348
swarm,50,179,262144,376.628333,99.901368
swarm,50,180,262144,114.484,171.85565
swarm,50,181,262144,138.754666,120.616221
swarm,50,182,262144,63.316,94.2962
swarm,50,183,262144,231.197666,106.059497
swarm,50,184,262144,58.794333,104.096364
swarm,50,185,262144,57.823666,90.101431
swarm,50,186,262144,41.737,117.07567
swarm,50,187,262144,99.524333,94.117524
swarm,50,188,262144,36.327666,93.833433
swarm,50,189,262144,56.365,74.204559
swarm,50,190,262144,50.149,98.132096
swarm,50,191,262144,332.690666,79.256651
swarm,50,192,262144,36.045,66.084221
swarm,50,193,262144,113.919333,101.779816
swarm,50,194,262144,100.886,76.173744
swarm,50,195,262144,486.099333,76.512638
swarm,50,196,262144,167.546666,97.989269
swarm,50,197,262144,113.719333,83.722591
swarm,50,198,262144,35.261333,98.019549
swarm,50,199,262144,92.381,61.978342
swarm,50,200,262144,36.122,88.382304
swarm,50,201,262144,60.996,61.976322
swarm,50,202,262144,77.134,95.082232
swarm,50,203,262144,144.826,89.395025
swarm,50,204,262144,61.676,76.908223
swarm,50,205,262144,81.646333,65.301242
swarm,50,206,262144,126.419,67.110292
swarm,50,207,262144,110.9,96.800698
swarm,50,208,262144,80.234666,84.35809
swarm,50,209,262144,83.779666,80.174895
swarm,50,210,262144,218.065333,114.005239
swarm,50,211,262144,34.47,79.451773
swarm,50,212,262144,100.599333,81.281175
swarm,50,213,262144,118.393666,113.524404
swarm,50,214,262144,83.150666,83.731512
swarm,50,215,262144,34.055666,104.065815
swarm,50,216,262144,81.151666,98.975112
swarm,50,217,262144,71.920666,86.253139
swarm,50,218,262144,66.252333,92.276794
swarm,50,219,262144,59.998666,74.30267
swarm,50,220,262144,263.06,69.852028
swarm,50,221,262144,133.657666,132.438692
swarm,50,222,262144,127.597666,67.438651
swarm,50,223,262144,17.045,93.704986
swarm,50,224,262144,232.752,97.007495
swarm,50,225,262144,135.811333,94.543245
swarm,50,226,262144,37.628,1061.833326
swarm,50,227,262144,37.977,98.048101
swarm,50,228,262144,82.125333,90.677606
swarm,50,229,262144,180.020666,94.617974
swarm,50,230,262144,66.753666,105.731483
swarm,50,231,262144,92.241333,72.240137
swarm,50,232,262144,51.973333,81.874416
swarm,50,233,262144,64.905,399.573916
swarm,50,234,262144,24.632666,85.627833
swarm,50,235,262144,90.665333,85.747718
swarm,50,236,262144,213.290666,102.652914
swarm,50,237,262144,152.732,88.857052
swarm,50,238,262144,257.37,92.905451
swarm,50,239,262144,108.456333,116.640045
swarm,50,240,262144,428.623333,76.672541
swarm,50,241,262144,109.237333,79.304586
swarm,50,242,262144,89.661333,89.319137
swarm,50,243,262144,123.514333,95.466442
swarm,50,244,262144,57.284666,87.479852
swarm,50,245,262144,43.787333,95.317656
swarm,50,246,262144,112.06,200.165565
swarm,50,247,262144,229.175333,78.83462
swarm,50,248,262144,40.715,90.462062
swarm,50,249,262144,41.805333,67.678626
swarm,50,250,262144,168.227666,93.816439
swarm,50,251,262144,95.974,89.03592
swarm,50,252,262144,413.535666,76.456153
swarm,50,253,262144,48.044333,150.980969
swarm,50,254,262144,98.773666,131.192243
swarm,50,255,262144,166.080333,175.695601
swarm,50,256,262144,274.574,80.071404
swarm,50,257,262144,72.063,88.539373
swarm,50,258,262144,347.017,87.875143
swarm,50,259,262144,72.233,90.566368
swarm,50,260,262144,139.639333,1249.731061
swarm,50,261,262144,15.902666,89.706159
swarm,50,262,262144,78.663666,90.432066
swarm,50,263,262144,67.064,86.341093
swarm,50,264,262144,106.053,94.248167
swarm,50,265,262144,36.515666,74.093584
swarm,50,266,262144,265.831666,76.06425
swarm,50,267,262144,22.765,73.405733
swarm,50,268,262144,528.029333,99.754737
swarm,50,269,262144,97.169,78.801438
swarm,50,270,262144,258.769333,95.260022
swarm,50,271,262144,95.552666,96.152607
swarm,50,272,262144,47.456333,93.088059
swarm,50,273,262144,78.230333,157.341645
swarm,50,274,262144,92.152666,75.781335
swarm,50,275,262144,92.775333,81.502014
swarm,50,276,262144,54.057666,384.922639
swarm,50,277,262144,92.979,88.413506
swarm,50,278,262144,124.366333,87.221933
swarm,50,279,262144,61.218666,89.821182
swarm,50,280,262144,130.189666,92.271937
swarm,50,281,262144,1323.163333,107.228267
swarm,50,282,262144,101.292333,75.489281
swarm,50,283,262144,228.775333,79.058007
swarm,50,284,262144,66.663666,82.056001
swarm,50,285,262144,86.885666,67.58111
swarm,50,286,262144,41.959666,61.075699
swarm,50,287,262144,145.164666,271.049597
swarm,50,288,262144,307.236666,175.345674
swarm,50,289,262144,119.421,275.514136
swarm,50,290,262144,127.572666,89.893546
swarm,50,291,262144,295.807,205.726117
swarm,50,292,262144,27.202666,252.751574
swarm,50,293,262144,105.697333,145.888503
swarm,50,294,262144,60.037333,109.481934
swarm,50,295,262144,173.94,98.379317
swarm,50,296,262144,140.416666,117.555851
swarm,50,297,262144,170.761333,97.362471
swarm,50,298,262144,96.023333,155.999899
swarm,50,299,262144,125.514333,104.602112
swarm,50,300,262144,31.970333,148.777868
swarm,50,301,262144,99.569666,1035.186662
swarm,50,302,262144,23.544333,123.2697
swarm,50,303,262144,55.742666,110.220266
swarm,50,304,262144,15.229,127.664724
swarm,50,305,262144,208.448,83.114165
swarm,50,306,262144,102.238333,108.598561
swarm,50,307,262144,138.063,105.010792
swarm,50,308,262144,170.492,200.683811
swarm,50,309,262144,62.206333,93.261128
swarm,50,310,262144,18.068333,104.643859
swarm,50,311,262144,478.754,170.361026
swarm,50,312,262144,222.110666,123.961182
swarm,50,313,262144,248.390333,1227.508701
swarm,50,314,262144,184.160666,171.700025
swarm,50,315,262144,43.826,1161.538017
swarm,50,316,262144,171.162,116.393678
swarm,50,317,262144,19.313666,127.382251
swarm,50,318,262144,40.087333,764.499132
swarm,50,319,262144,30.767333,150.589631
swarm,50,320,262144,73.178333,122.312038
swarm,50,321,262144,45.896333,125.721762
swarm,50,322,262144,84.511666,99.470904
swarm,50,323,262144,282.536333,142.822361
swarm,50,324,262144,53.779,119.068094
swarm,50,325,262144,111.457333,110.738392
swarm,50,326,262144,52.705666,175.934011
swarm,50,327,262144,262.167333,121.282968
swarm,50,328,262144,82.465,111.94915
swarm,50,329,262144,23.344666,229.742587
swarm,50,330,262144,469.311,171.429932
swarm,50,331,262144,54.502,116.462585
swarm,50,332,262144,53.171,107.998842
swarm,50,333,262144,128.371,72.518465
swarm,50,334,262144,431.010333,97.983009
swarm,50,335,262144,48.407,109.90652
swarm,50,336,262144,78.934,227.875815
swarm,50,337,262144,27.294,115.502394
swarm,50,338,262144,162.768333,166.358875
swarm,50,339,262144,39.513,239.059761
swarm,50,340,262144,146.588666,111.198577
swarm,50,341,262144,128.899,109.394035
swarm,50,342,262144,239.863,92.933159
swarm,50,343,262144,60.321,141.258645
swarm,50,344,262144,70.261,98.338841
swarm,50,345,262144,59.731666,106.308889
swarm,50,346,262144,57.253666,90.427157
swarm,50,347,262144,43.745333,166.828892
swarm,50,348,262144,26.226,977.559854
swarm,50,349,262144,198.790333,118.058347
swarm,50,350,262144,111.168,146.32647
swarm,50,351,262144,247.392333,135.776303
swarm,50,352,262144,76.322333,219.289189
swarm,50,353,262144,170.329333,103.378845
swarm,50,354,262144,239.367666,119.097833
swarm,50,355,262144,247.732666,97.020617
swarm,50,356,262144,20.39,91.889366
swarm,50,357,262144,369.042,146.154384
swarm,50,358,262144,242.18,252.753165
swarm,50,359,262144,256.914666,92.905065
swarm,50,360,262144,63.789,206.107734
swarm,50,361,262144,40.941,182.295539
swarm,50,362,262144,264.003666,92.26541
swarm,50,363,262144,194.198666,90.710609
swarm,50,364,262144,92.207333,197.698074
swarm,50,365,262144,42.262,111.785458
swarm,50,366,262144,47.300666,142.764349
swarm,50,367,262144,40.623333,143.891753
swarm,50,368,262144,46.505,76.330638
swarm,50,369,262144,145.686666,73.046339
swarm,50,370,262144,69.680333,254.074695
swarm,50,371,262144,107.557333,58.606625
swarm,50,372,262144,198.970666,102.586228
swarm,50,373,262144,99.593,72.868999
swarm,50,374,262144,50.273666,89.56374
swarm,50,375,262144,20.537333,173.299773
swarm,50,376,262144,325.789666,134.042509
swarm,50,377,262144,79.289666,276.708873
swarm,50,378,262144,60.914,84.371143
swarm,50,379,262144,69.864666,107.628895
swarm,50,380,262144,571.100333,104.479584
swarm,50,381,262144,74.115666,120.129626
swarm,50,382,262144,176.893,155.955644
swarm,50,383,262144,124.429333,82.291941
swarm,50,384,262144,96.914666,184.028501
swarm,50,385,262144,174.718333,89.483926
swarm,50,386,262144,27.200333,88.720837
swarm,50,387,262144,112.255666,98.003859
swarm,50,388,262144,996.127333,218.806599
swarm,50,389,262144,275.299666,1246.571909
swarm,50,390,262144,206.641333,94.20086
swarm,50,391,262144,30.114333,94.318606
swarm,50,392,262144,44.826,225.247619
swarm,50,393,262144,335.063666,384.464691
swarm,50,394,262144,32.237333,98.383635
swarm,50,395,262144,174.239,102.262234
swarm,50,396,262144,28.764333,150.106408
swarm,50,397,262144,332.380333,87.548806
swarm,50,398,262144,113.681333,80.925747
swarm,50,399,262144,380.378,273.107068
swarm,50,400,262144,182.924333,81.005268
swarm,50,401,262144,63.350333,101.733457
swarm,50,402,262144,27.583666,430.179351
swarm,50,403,262144,158.733666,97.092083
swarm,50,404,262144,93.415,67.557877
swarm,50,405,262144,115.990333,68.049916
swarm,50,406,262144,1298.155666,88.116338
swarm,50,407,262144,269.611333,74.389207
swarm,50,408,262144,125.387333,77.387821
swarm,50,409,262144,52.483666,73.384663
swarm,50,410,262144,95.802333,84.186102
swarm,50,411,262144,67.809,70.495065
swarm,50,412,262144,80.898333,129.698492
swarm,50,413,262144,355.703,262.832435
swarm,50,414,262144,224.315333,101.809249
swarm,50,415,262144,22.354666,79.680741
swarm,50,416,262144,180.349333,130.977892
swarm,50,417,262144,129.619333,87.535169
swarm,50,418,262144,119.205666,132.268437
swarm,50,419,262144,380.820333,111.224515
swarm,50,420,262144,558.201,158.81601
swarm,50,421,262144,245.810666,274.739816
swarm,50,422,262144,134.968666,104.500222
swarm,50,423,262144,86.094333,75.509637
swarm,50,424,262144,30.987,78.045321
swarm,50,425,262144,139.079,108.982694
swarm,50,426,262144,118.762333,122.948108
swarm,50,427,262144,163.953333,99.548888
swarm,50,428,262144,58.042,89.497038
swarm,50,429,262144,329.650666,123.908731
swarm,50,430,262144,23.784333,78.335065
swarm,50,431,262144,225.791666,139.66553
swarm,50,432,262144,57.413,78.810252
swarm,50,433,262144,120.053666,253.078083
swarm,50,434,262144,25.891,79.569153
swarm,50,435,262144,115.669333,200.660942
swarm,50,436,262144,131.230666,830.65146
swarm,50,437,262144,122.719666,70.687973
swarm,50,438,262144,124.264666,165.434147
swarm,50,439,262144,145.899,103.27153
swarm,50,440,262144,109.515,74.957522
swarm,50,441,262144,98.991,100.215976
swarm,50,442,262144,62.019333,122.948989
swarm,50,443,262144,228.999333,183.915081
swarm,50,444,262144,27.085,86.593246
swarm,50,445,262144,173.418666,193.315265
swarm,50,446,262144,380.634666,79.757981
swarm,50,447,262144,395.638333,133.652622
swarm,50,448,262144,70.826666,127.013677
swarm,50,449,262144,127.889666,85.155874
swarm,50,450,262144,210.756666,144.211005
swarm,50,451,262144,316.860666,76.734158
swarm,50,452,262144,376.712,114.974582
swarm,50,453,262144,544.677333,132.841203
swarm,50,454,262144,85.09,102.277521
swarm,50,455,262144,130.710333,92.300607
swarm,50,456,262144,42.842,90.695589
swarm,50,457,262144,78.075,77.529577
swarm,50,458,262144,154.946666,61.28859
swarm,50,459,262144,211.292333,81.719891
swarm,50,460,262144,396.402333,93.12213
swarm,50,461,262144,455.378333,273.102687
swarm,50,462,262144,78.446,94.62718
swarm,50,463,262144,297.948666,92.860216
swarm,50,464,262144,280.954666,151.809962
swarm,50,465,262144,150.636,84.582824
swarm,50,466,262144,1067.441,79.892791
swarm,50,467,262144,202.215,97.173359
swarm,50,468,262144,55.837666,93.504506
swarm,50,469,262144,120.747,1033.148109
swarm,50,470,262144,48.311666,149.243755
swarm,50,471,262144,228.818333,98.62715
swarm,50,472,262144,20.953666,107.627305
swarm,50,473,262144,146.181,240.324699
swarm,50,474,262144,99.069,119.895326
swarm,50,475,262144,112.765333,94.592217
swarm,50,476,262144,26.281333,85.061804
swarm,50,477,262144,189.085666,414.461411
swarm,50,478,262144,912.388,102.674692
swarm,50,479,262144,173.6,114.375707
swarm,50,480,262144,61.100666,120.462272
swarm,50,481,262144,670.698,181.151648
swarm,50,482,262144,109.490333,197.111779
swarm,50,483,262144,94.052,106.534743
swarm,50,484,262144,805.024666,190.39985
swarm,50,485,262144,78.469666,337.81423
swarm,50,486,262144,109.435666,84.143779
swarm,50,487,262144,20.470666,116.755026
swarm,50,488,262144,81.783,166.431154
swarm,50,489,262144,27.288,140.741215
swarm,50,490,262144,365.192,122.409181
swarm,50,491,262144,124.425666,109.17385
swarm,50,492,262144,80.546666,107.164341
swarm,50,493,262144,29.209333,136.338886
swarm,50,494,262144,65.855333,220.913785
swarm,50,495,262144,96.902666,201.046664
swarm,50,496,262144,42.716666,250.26948
swarm,50,497,262144,126.113666,219.623816
swarm,50,498,262144,470.743333,104.753659
swarm,50,499,262144,415.540666,367.143694
swarm,50,500,262144,20.294,112.048481
swarm,50,501,262144,560.757333,102.615451
swarm,50,502,262144,95.784333,116.529558
swarm,50,503,262144,44.906,137.090741
swarm,50,504,262144,103.044,107.286531
swarm,50,505,262144,107.374,154.486631
swarm,50,506,262144,83.784666,99.744029
swarm,50,507,262144,115.232333,99.245224
swarm,50,508,262144,338.655333,105.157298
swarm,50,509,262144,61.236333,102.069259
swarm,50,510,262144,58.386666,119.26893
swarm,50,511,262144,32.075333,115.077971
swarm,50,512,262144,296.568666,121.404976
,,,mean,142.76,136.76
,,,median,88.92,105.05
,,,max,1482.77,1249.73
,,,min,13.29,51.47
